{
    "languages": [
        "en"
    ],
    "filetype": "pdf",
    "toc": [
        {
            "title": "What is a literature review?",
            "level": 0,
            "is_closed": null,
            "n_kids": 0,
            "page_index": 3,
            "view_mode": "XYZ",
            "view_pos": [
                33.0,
                805.0,
                0.0
            ]
        },
        {
            "title": "Why undertake a literature review?",
            "level": 0,
            "is_closed": null,
            "n_kids": 0,
            "page_index": 4,
            "view_mode": "XYZ",
            "view_pos": [
                33.0,
                805.0,
                0.0
            ]
        },
        {
            "title": "Steps for preparing the literature review assignments",
            "level": 0,
            "is_closed": null,
            "n_kids": 0,
            "page_index": 7,
            "view_mode": "XYZ",
            "view_pos": [
                33.0,
                805.0,
                0.0
            ]
        },
        {
            "title": "Structure of a self-contained literature review",
            "level": 0,
            "is_closed": null,
            "n_kids": 0,
            "page_index": 11,
            "view_mode": "XYZ",
            "view_pos": [
                33.0,
                805.0,
                0.0
            ]
        },
        {
            "title": "How to cite research evidence",
            "level": 0,
            "is_closed": null,
            "n_kids": 0,
            "page_index": 12,
            "view_mode": "XYZ",
            "view_pos": [
                33.0,
                805.0,
                0.0
            ]
        },
        {
            "title": "Typology of rhetorical functions of citations",
            "level": 0,
            "is_closed": null,
            "n_kids": 0,
            "page_index": 14,
            "view_mode": "XYZ",
            "view_pos": [
                33.0,
                805.0,
                0.0
            ]
        },
        {
            "title": "Synthesising articles",
            "level": 0,
            "is_closed": null,
            "n_kids": 0,
            "page_index": 18,
            "view_mode": "XYZ",
            "view_pos": [
                33.0,
                805.0,
                0.0
            ]
        },
        {
            "title": "Language features of a literature review",
            "level": 0,
            "is_closed": null,
            "n_kids": 0,
            "page_index": 22,
            "view_mode": "XYZ",
            "view_pos": [
                33.0,
                805.0,
                0.0
            ]
        },
        {
            "title": "A sample literature review draft/outline with reference to the grading rubrics",
            "level": 0,
            "is_closed": null,
            "n_kids": 0,
            "page_index": 25,
            "view_mode": "XYZ",
            "view_pos": [
                33.0,
                805.0,
                0.0
            ]
        },
        {
            "title": "A sample literature review (final version) with reference to the grading rubrics",
            "level": 0,
            "is_closed": null,
            "n_kids": 0,
            "page_index": 31,
            "view_mode": "XYZ",
            "view_pos": [
                33.0,
                805.0,
                0.0
            ]
        },
        {
            "title": "A citation table",
            "level": 0,
            "is_closed": null,
            "n_kids": 0,
            "page_index": 38,
            "view_mode": "XYZ",
            "view_pos": [
                33.0,
                559.0,
                0.0
            ]
        },
        {
            "title": "Language features: hedging",
            "level": 0,
            "is_closed": null,
            "n_kids": 0,
            "page_index": 40,
            "view_mode": "XYZ",
            "view_pos": [
                33.0,
                805.0,
                0.0
            ]
        },
        {
            "title": "Verb tenses in a literature review",
            "level": 0,
            "is_closed": null,
            "n_kids": 0,
            "page_index": 46,
            "view_mode": "XYZ",
            "view_pos": [
                33.0,
                805.0,
                0.0
            ]
        },
        {
            "title": "Differences between Academic English and General English",
            "level": 0,
            "is_closed": null,
            "n_kids": 0,
            "page_index": 47,
            "view_mode": "XYZ",
            "view_pos": [
                33.0,
                805.0,
                0.0
            ]
        },
        {
            "title": "Academic style language/formal language",
            "level": 0,
            "is_closed": null,
            "n_kids": 0,
            "page_index": 48,
            "view_mode": "XYZ",
            "view_pos": [
                33.0,
                805.0,
                0.0
            ]
        },
        {
            "title": "Common mistakes/issues in Literature Review",
            "level": 0,
            "is_closed": null,
            "n_kids": 0,
            "page_index": 59,
            "view_mode": "XYZ",
            "view_pos": [
                33.0,
                805.0,
                0.0
            ]
        },
        {
            "title": "Self-learning online resources for Unit 3",
            "level": 0,
            "is_closed": null,
            "n_kids": 0,
            "page_index": 66,
            "view_mode": "XYZ",
            "view_pos": [
                33.0,
                805.0,
                0.0
            ]
        },
        {
            "title": "References",
            "level": 0,
            "is_closed": null,
            "n_kids": 0,
            "page_index": 67,
            "view_mode": "XYZ",
            "view_pos": [
                33.0,
                805.0,
                0.0
            ]
        }
    ],
    "pages": 71,
    "ocr_stats": {
        "ocr_pages": 1,
        "ocr_failed": 0,
        "ocr_success": 1,
        "ocr_engine": "surya"
    },
    "block_stats": {
        "header_footer": 0,
        "code": 0,
        "table": 54,
        "equations": {
            "successful_ocr": 0,
            "unsuccessful_ocr": 0,
            "equations": 0
        }
    },
    "postprocess_stats": {
        "edit": {}
    }
}