{
    "languages": [
        "en"
    ],
    "filetype": "pdf",
    "toc": [],
    "pages": 33,
    "ocr_stats": {
        "ocr_pages": 7,
        "ocr_failed": 0,
        "ocr_success": 7,
        "ocr_engine": "surya"
    },
    "block_stats": {
        "header_footer": 0,
        "code": 0,
        "table": 37,
        "equations": {
            "successful_ocr": 0,
            "unsuccessful_ocr": 0,
            "equations": 0
        }
    },
    "postprocess_stats": {
        "edit": {}
    }
}