{
    "languages": [
        "en"
    ],
    "filetype": "pdf",
    "toc": [
        {
            "title": "Engagement:",
            "level": 0,
            "is_closed": null,
            "n_kids": 0,
            "page_index": 2,
            "view_mode": "XYZ",
            "view_pos": [
                33.0,
                805.0,
                0.0
            ]
        },
        {
            "title": "What are the skills that are needed in academic writing?",
            "level": 0,
            "is_closed": null,
            "n_kids": 0,
            "page_index": 2,
            "view_mode": "XYZ",
            "view_pos": [
                33.0,
                769.0,
                0.0
            ]
        },
        {
            "title": "Gateway",
            "level": 0,
            "is_closed": null,
            "n_kids": 0,
            "page_index": 4,
            "view_mode": "XYZ",
            "view_pos": [
                113.0,
                718.0,
                0.0
            ]
        },
        {
            "title": "Summarising steps",
            "level": 0,
            "is_closed": null,
            "n_kids": 0,
            "page_index": 26,
            "view_mode": "XYZ",
            "view_pos": [
                33.0,
                639.0,
                0.0
            ]
        },
        {
            "title": "Synthesising information from different sources",
            "level": 0,
            "is_closed": null,
            "n_kids": 0,
            "page_index": 32,
            "view_mode": "XYZ",
            "view_pos": [
                33.0,
                785.0,
                0.0
            ]
        },
        {
            "title": "Useful Phrases/Expressions for Synthesis Writing",
            "level": 0,
            "is_closed": null,
            "n_kids": 0,
            "page_index": 40,
            "view_mode": "XYZ",
            "view_pos": [
                33.0,
                805.0,
                0.0
            ]
        },
        {
            "title": "Reporting Verbs",
            "level": 0,
            "is_closed": null,
            "n_kids": 0,
            "page_index": 53,
            "view_mode": "XYZ",
            "view_pos": [
                33.0,
                805.0,
                0.0
            ]
        },
        {
            "title": "Use of tenses in academic writing",
            "level": 0,
            "is_closed": null,
            "n_kids": 0,
            "page_index": 62,
            "view_mode": "XYZ",
            "view_pos": [
                33.0,
                805.0,
                0.0
            ]
        },
        {
            "title": "Use of three types of in-text citation in your Literature Review and Argumentative Research Paper",
            "level": 0,
            "is_closed": null,
            "n_kids": 0,
            "page_index": 64,
            "view_mode": "XYZ",
            "view_pos": [
                33.0,
                564.0,
                0.0
            ]
        },
        {
            "title": "Self-learning online resources for Unit 2",
            "level": 0,
            "is_closed": null,
            "n_kids": 0,
            "page_index": 68,
            "view_mode": "XYZ",
            "view_pos": [
                33.0,
                805.0,
                0.0
            ]
        },
        {
            "title": "References",
            "level": 0,
            "is_closed": null,
            "n_kids": 0,
            "page_index": 70,
            "view_mode": "XYZ",
            "view_pos": [
                33.0,
                805.0,
                0.0
            ]
        }
    ],
    "pages": 73,
    "ocr_stats": {
        "ocr_pages": 7,
        "ocr_failed": 0,
        "ocr_success": 7,
        "ocr_engine": "surya"
    },
    "block_stats": {
        "header_footer": 0,
        "code": 0,
        "table": 38,
        "equations": {
            "successful_ocr": 0,
            "unsuccessful_ocr": 0,
            "equations": 0
        }
    },
    "postprocess_stats": {
        "edit": {}
    }
}