{
    "languages": [
        "en"
    ],
    "filetype": "pdf",
    "toc": [
        {
            "title": "What is an argument?",
            "level": 0,
            "is_closed": null,
            "n_kids": 0,
            "page_index": 3,
            "view_mode": "XYZ",
            "view_pos": [
                33.0,
                805.0,
                0.0
            ]
        },
        {
            "title": "What is an argumentative research paper?",
            "level": 0,
            "is_closed": null,
            "n_kids": 0,
            "page_index": 5,
            "view_mode": "XYZ",
            "view_pos": [
                33.0,
                805.0,
                0.0
            ]
        },
        {
            "title": "Structure of an Argumentative Research Paper",
            "level": 0,
            "is_closed": null,
            "n_kids": 0,
            "page_index": 9,
            "view_mode": "XYZ",
            "view_pos": [
                33.0,
                723.0,
                0.0
            ]
        },
        {
            "title": "Writing body paragraphs",
            "level": 0,
            "is_closed": null,
            "n_kids": 0,
            "page_index": 20,
            "view_mode": "XYZ",
            "view_pos": [
                33.0,
                805.0,
                0.0
            ]
        },
        {
            "title": "Writing counterarguments and refutations",
            "level": 0,
            "is_closed": null,
            "n_kids": 0,
            "page_index": 24,
            "view_mode": "XYZ",
            "view_pos": [
                33.0,
                805.0,
                0.0
            ]
        },
        {
            "title": "Self-learning online resources for Unit 4",
            "level": 0,
            "is_closed": null,
            "n_kids": 0,
            "page_index": 33,
            "view_mode": "XYZ",
            "view_pos": [
                33.0,
                805.0,
                0.0
            ]
        },
        {
            "title": "Reference Books on Academic Writing",
            "level": 0,
            "is_closed": null,
            "n_kids": 0,
            "page_index": 35,
            "view_mode": "XYZ",
            "view_pos": [
                33.0,
                805.0,
                0.0
            ]
        },
        {
            "title": "References",
            "level": 0,
            "is_closed": null,
            "n_kids": 0,
            "page_index": 36,
            "view_mode": "XYZ",
            "view_pos": [
                33.0,
                805.0,
                0.0
            ]
        },
        {
            "title": "What is an academic presentation?",
            "level": 0,
            "is_closed": null,
            "n_kids": 0,
            "page_index": 44,
            "view_mode": "XYZ",
            "view_pos": [
                33.0,
                805.0,
                0.0
            ]
        },
        {
            "title": "What are the differences between an academic presentation and other kinds of presentations?",
            "level": 0,
            "is_closed": null,
            "n_kids": 0,
            "page_index": 44,
            "view_mode": "XYZ",
            "view_pos": [
                33.0,
                314.0,
                0.0
            ]
        },
        {
            "title": "Three Phases in Preparing for a Presentation",
            "level": 0,
            "is_closed": null,
            "n_kids": 0,
            "page_index": 47,
            "view_mode": "XYZ",
            "view_pos": [
                33.0,
                805.0,
                0.0
            ]
        },
        {
            "title": "Presentation skills: Introduction",
            "level": 0,
            "is_closed": null,
            "n_kids": 0,
            "page_index": 53,
            "view_mode": "XYZ",
            "view_pos": [
                33.0,
                805.0,
                0.0
            ]
        },
        {
            "title": "Presentation skills: Body",
            "level": 0,
            "is_closed": null,
            "n_kids": 0,
            "page_index": 58,
            "view_mode": "XYZ",
            "view_pos": [
                33.0,
                805.0,
                0.0
            ]
        },
        {
            "title": "Citing sources during a presentation",
            "level": 0,
            "is_closed": null,
            "n_kids": 0,
            "page_index": 60,
            "view_mode": "XYZ",
            "view_pos": [
                33.0,
                805.0,
                0.0
            ]
        },
        {
            "title": "Presentation Skills: Conclusion",
            "level": 0,
            "is_closed": null,
            "n_kids": 0,
            "page_index": 63,
            "view_mode": "XYZ",
            "view_pos": [
                33.0,
                805.0,
                0.0
            ]
        },
        {
            "title": "Designing slides/visual aids",
            "level": 0,
            "is_closed": null,
            "n_kids": 0,
            "page_index": 65,
            "view_mode": "XYZ",
            "view_pos": [
                33.0,
                805.0,
                0.0
            ]
        },
        {
            "title": "Common Challenges and Strategies",
            "level": 0,
            "is_closed": null,
            "n_kids": 0,
            "page_index": 69,
            "view_mode": "XYZ",
            "view_pos": [
                33.0,
                556.0,
                0.0
            ]
        },
        {
            "title": "Characteristics of spoken English: intonation and pausing",
            "level": 0,
            "is_closed": null,
            "n_kids": 0,
            "page_index": 81,
            "view_mode": "XYZ",
            "view_pos": [
                33.0,
                287.0,
                0.0
            ]
        },
        {
            "title": "Rubrics: Argumentative Research Paper Presentation (25%)",
            "level": 0,
            "is_closed": null,
            "n_kids": 0,
            "page_index": 86,
            "view_mode": "XYZ",
            "view_pos": [
                33.0,
                559.0,
                0.0
            ]
        },
        {
            "title": "Self-learning online resources for Unit 5",
            "level": 0,
            "is_closed": null,
            "n_kids": 0,
            "page_index": 89,
            "view_mode": "XYZ",
            "view_pos": [
                33.0,
                805.0,
                0.0
            ]
        },
        {
            "title": "References",
            "level": 0,
            "is_closed": null,
            "n_kids": 0,
            "page_index": 90,
            "view_mode": "XYZ",
            "view_pos": [
                33.0,
                805.0,
                0.0
            ]
        }
    ],
    "pages": 117,
    "ocr_stats": {
        "ocr_pages": 2,
        "ocr_failed": 0,
        "ocr_success": 2,
        "ocr_engine": "surya"
    },
    "block_stats": {
        "header_footer": 0,
        "code": 0,
        "table": 30,
        "equations": {
            "successful_ocr": 0,
            "unsuccessful_ocr": 0,
            "equations": 0
        }
    },
    "postprocess_stats": {
        "edit": {}
    }
}